Feature,Importance
"line1 x start, line1 y start",0.0
"line1 x start, line1 y end",0.017468737832835438
"line1 x end, line1 y start",0.0
"line1 x end, line1 y end",0.006369581902531492
"line2 x start, line2 y start",0.0
"line2 x start, line2 y end",0.0035663235129218974
"line2 x end, line2 y start",0.0
"line2 x end, line2 y end",0.0010799829941583845
"line3 x start, line3 y start",0.0
"line3 x start, line3 y end",0.0019658450217540915
"line3 x end, line3 y start",0.0
"line3 x end, line3 y end",0.0021527036340267874
"line4 x start, line4 y start",0.0
"line4 x start, line4 y end",0.0013938407725926955
"line4 x end, line4 y start",0.0
"line4 x end, line4 y end",0.0019138138094828968
"line5 x start, line5 y start",0.0
"line5 x start, line5 y end",0.00019408720110781596
"line5 x end, line5 y start",0.0
"line5 x end, line5 y end",0.001133450205120755
"line6 x start, line6 y start",0.0
"line6 x start, line6 y end",0.0018533834177035732
"line6 x end, line6 y start",0.0
"line6 x end, line6 y end",0.0027348276552154422
"line7 x start, line7 y start",0.0
"line7 x start, line7 y end",0.0015213787434626704
"line7 x end, line7 y start",0.0
"line7 x end, line7 y end",0.001327713146673273
"line8 x start, line8 y start",0.0
"line8 x start, line8 y end",0.0036668855878492844
"line8 x end, line8 y start",0.0
"line8 x end, line8 y end",0.0009080633090627365
"line9 x start, line9 y start",0.0
"line9 x start, line9 y end",0.0007296492623312531
"line9 x end, line9 y start",0.0
"line9 x end, line9 y end",0.0006591512203805319
"line10 x start, line10 y start",0.0
"line10 x start, line10 y end",0.0008484003541050343
"line10 x end, line10 y start",0.0
"line10 x end, line10 y end",0.0020647151359602196
"line11 x start, line11 y start",0.0
"line11 x start, line11 y end",0.0009583968184082875
"line11 x end, line11 y start",0.0
"line11 x end, line11 y end",0.0026827913175875855
"line12 x start, line12 y start",0.0
"line12 x start, line12 y end",0.002759000020417385
"line12 x end, line12 y start",0.0
"line12 x end, line12 y end",0.0055638116043683385
"line13 x start, line13 y start",0.0
"line13 x start, line13 y end",0.008504615137882764
"line13 x end, line13 y start",0.0
"line13 x end, line13 y end",0.0015595425627639454
"line14 x start, line14 y start",0.0
"line14 x start, line14 y end",0.007635115191406419
"line14 x end, line14 y start",0.0
"line14 x end, line14 y end",0.001696117884072721
"line15 x start, line15 y start",0.0
"line15 x start, line15 y end",0.0022688692079742942
"line15 x end, line15 y start",0.0
"line15 x end, line15 y end",0.004175674393777817
"line16 x start, line16 y start",0.0
"line16 x start, line16 y end",0.0025095302206841657
"line16 x end, line16 y start",0.0
"line16 x end, line16 y end",0.0021221459012840805
"line17 x start, line17 y start",0.0
"line17 x start, line17 y end",0.0028345887627271834
"line17 x end, line17 y start",0.0
"line17 x end, line17 y end",0.002182543844415929
"line18 x start, line18 y start",0.0
"line18 x start, line18 y end",0.0018397021399406638
"line18 x end, line18 y start",0.0
"line18 x end, line18 y end",0.0043770442866717515
"line19 x start, line19 y start",0.0
"line19 x start, line19 y end",0.00066108558059566
"line19 x end, line19 y start",0.0
"line19 x end, line19 y end",0.0024662184598965137
"line20 x start, line20 y start",0.0
"line20 x start, line20 y end",0.0018220886121970334
"line20 x end, line20 y start",0.0
"line20 x end, line20 y end",0.004595295382344425
"line21 x start, line21 y start",0.0
"line21 x start, line21 y end",0.0017833870248076665
"line21 x end, line21 y start",0.0
"line21 x end, line21 y end",0.0031989577328199095
"line22 x start, line22 y start",0.0
"line22 x start, line22 y end",0.004411358212102496
"line22 x end, line22 y start",0.0
"line22 x end, line22 y end",0.00246540376263359
"line23 x start, line23 y start",0.0
"line23 x start, line23 y end",0.005311411623483987
"line23 x end, line23 y start",0.0
"line23 x end, line23 y end",0.0001298681403914774
"line24 x start, line24 y start",0.0
"line24 x start, line24 y end",0.0005445454518417877
"line24 x end, line24 y start",0.0
"line24 x end, line24 y end",0.004100306388117431
"line25 x start, line25 y start",0.0
"line25 x start, line25 y end",0.0011240139672972335
"line25 x end, line25 y start",0.0
"line25 x end, line25 y end",0.001731009611575866
"line26 x start, line26 y start",0.0
"line26 x start, line26 y end",0.0048951041772249
"line26 x end, line26 y start",0.0
"line26 x end, line26 y end",0.0024882536044984844
"line27 x start, line27 y start",0.0
"line27 x start, line27 y end",0.0033539694776922274
"line27 x end, line27 y start",0.0
"line27 x end, line27 y end",0.002756136838859926
"line28 x start, line28 y start",0.0
"line28 x start, line28 y end",0.003126727606301721
"line28 x end, line28 y start",0.0
"line28 x end, line28 y end",0.0014452428518910965
"line29 x start, line29 y start",0.0
"line29 x start, line29 y end",0.0039600109537722234
"line29 x end, line29 y start",0.0
"line29 x end, line29 y end",0.003233018783143102
"line30 x start, line30 y start",0.0
"line30 x start, line30 y end",0.003427590995854614
"line30 x end, line30 y start",0.0
"line30 x end, line30 y end",0.0011642737768281096
"line31 x start, line31 y start",0.0
"line31 x start, line31 y end",0.006551790203314183
"line31 x end, line31 y start",0.0
"line31 x end, line31 y end",0.0029845512150156283
"line32 x start, line32 y start",0.0
"line32 x start, line32 y end",0.001226507441606829
"line32 x end, line32 y start",0.0
"line32 x end, line32 y end",0.001757058250388895
"line33 x start, line33 y start",0.0
"line33 x start, line33 y end",0.0019595513475963323
"line33 x end, line33 y start",0.0
"line33 x end, line33 y end",0.0015873176969361789
"line34 x start, line34 y start",0.0
"line34 x start, line34 y end",0.0035477007317264962
"line34 x end, line34 y start",0.0
"line34 x end, line34 y end",0.0022813056248331487
"line35 x start, line35 y start",0.0
"line35 x start, line35 y end",0.0025855889519932752
"line35 x end, line35 y start",0.0
"line35 x end, line35 y end",0.0025226433025871786
"line36 x start, line36 y start",0.0
"line36 x start, line36 y end",0.00170533507520647
"line36 x end, line36 y start",0.0
"line36 x end, line36 y end",0.004075438475851861
"line37 x start, line37 y start",0.0
"line37 x start, line37 y end",0.0015760873968472195
"line37 x end, line37 y start",0.0
"line37 x end, line37 y end",0.004560752500252409
"line38 x start, line38 y start",0.0
"line38 x start, line38 y end",0.0024903844545437217
"line38 x end, line38 y start",0.0
"line38 x end, line38 y end",0.001806952072657022
"line39 x start, line39 y start",0.0
"line39 x start, line39 y end",0.0027406534718772578
"line39 x end, line39 y start",0.0
"line39 x end, line39 y end",0.00371801497289572
"line40 x start, line40 y start",0.0
"line40 x start, line40 y end",0.002149420030461428
"line40 x end, line40 y start",0.0
"line40 x end, line40 y end",0.0029443610293567856
"line41 x start, line41 y start",0.0
"line41 x start, line41 y end",0.0031525096493662387
"line41 x end, line41 y start",0.0
"line41 x end, line41 y end",0.0021872827379428774
"line42 x start, line42 y start",0.0
"line42 x start, line42 y end",0.00384865963236339
"line42 x end, line42 y start",0.0
"line42 x end, line42 y end",0.001753207213604262
"line43 x start, line43 y start",0.0
"line43 x start, line43 y end",0.001730249133302272
"line43 x end, line43 y start",0.0
"line43 x end, line43 y end",0.008229617833888448
"line44 x start, line44 y start",0.0
"line44 x start, line44 y end",0.004249349647388171
"line44 x end, line44 y start",0.0
"line44 x end, line44 y end",0.004665447573966579
"line45 x start, line45 y start",0.0
"line45 x start, line45 y end",0.0015456303835914406
"line45 x end, line45 y start",0.0
"line45 x end, line45 y end",0.004817812462339363
"line46 x start, line46 y start",0.0
"line46 x start, line46 y end",0.0024795693817489255
"line46 x end, line46 y start",0.0
"line46 x end, line46 y end",0.0031649790982689685
"line47 x start, line47 y start",0.0
"line47 x start, line47 y end",0.0018656053603221799
"line47 x end, line47 y start",0.0
"line47 x end, line47 y end",0.004570096389317038
"line48 x start, line48 y start",0.0
"line48 x start, line48 y end",0.005067123045356684
"line48 x end, line48 y start",0.0
"line48 x end, line48 y end",0.0011059978124019338
"line49 x start, line49 y start",0.0
"line49 x start, line49 y end",0.0053555585068549095
"line49 x end, line49 y start",0.0
"line49 x end, line49 y end",0.002873270948110395
"line50 x start, line50 y start",0.0
"line50 x start, line50 y end",0.0035979942235474893
"line50 x end, line50 y start",0.0
"line50 x end, line50 y end",0.0046857178288950444
"line51 x start, line51 y start",0.0
"line51 x start, line51 y end",0.004357504590569451
"line51 x end, line51 y start",0.0
"line51 x end, line51 y end",0.001649859304861815
"line52 x start, line52 y start",0.0
"line52 x start, line52 y end",0.0030161591390911635
"line52 x end, line52 y start",0.0
"line52 x end, line52 y end",0.0017285491531758396
"line53 x start, line53 y start",0.0
"line53 x start, line53 y end",0.002475719458758404
"line53 x end, line53 y start",0.0
"line53 x end, line53 y end",0.0018340774708902536
"line54 x start, line54 y start",0.0
"line54 x start, line54 y end",0.00324236622778061
"line54 x end, line54 y start",0.0
"line54 x end, line54 y end",0.0024474099781507446
"line55 x start, line55 y start",0.0
"line55 x start, line55 y end",0.001891102100116576
"line55 x end, line55 y start",0.0
"line55 x end, line55 y end",0.0023003395474540562
"line56 x start, line56 y start",0.0
"line56 x start, line56 y end",0.0021918294340858234
"line56 x end, line56 y start",0.0
"line56 x end, line56 y end",0.0014411329171510573
"line57 x start, line57 y start",0.0
"line57 x start, line57 y end",0.00304375830947573
"line57 x end, line57 y start",0.0
"line57 x end, line57 y end",0.001347282952353951
"line58 x start, line58 y start",0.0
"line58 x start, line58 y end",8.984973406544227e-05
"line58 x end, line58 y start",0.0
"line58 x end, line58 y end",0.0015855308171786326
"line59 x start, line59 y start",0.0
"line59 x start, line59 y end",0.0022367687411438473
"line59 x end, line59 y start",0.0
"line59 x end, line59 y end",0.0011640138925685163
"line60 x start, line60 y start",0.0
"line60 x start, line60 y end",0.0008740062652720826
"line60 x end, line60 y start",0.0
"line60 x end, line60 y end",0.000728943394436109
"line61 x start, line61 y start",0.0
"line61 x start, line61 y end",0.0016128446431879584
"line61 x end, line61 y start",0.0
"line61 x end, line61 y end",0.0007194814514706317
"line62 x start, line62 y start",0.0
"line62 x start, line62 y end",0.00099531284591648
"line62 x end, line62 y start",0.0
"line62 x end, line62 y end",0.003056780225083166
"line63 x start, line63 y start",0.0
"line63 x start, line63 y end",0.002261511042450777
"line63 x end, line63 y start",0.0
"line63 x end, line63 y end",0.0030917239185848204
"line64 x start, line64 y start",0.0
"line64 x start, line64 y end",0.000772235316045167
"line64 x end, line64 y start",0.0
"line64 x end, line64 y end",0.0010239615974606054
"line65 x start, line65 y start",0.0
"line65 x start, line65 y end",0.0020472410362062034
"line65 x end, line65 y start",0.0
"line65 x end, line65 y end",5.576654968511126e-05
"line66 x start, line66 y start",0.0
"line66 x start, line66 y end",0.0031029354128158894
"line66 x end, line66 y start",0.0
"line66 x end, line66 y end",0.002032359035467151
"line67 x start, line67 y start",0.0
"line67 x start, line67 y end",0.0015350425602337478
"line67 x end, line67 y start",0.0
"line67 x end, line67 y end",0.0024086995148996774
"line68 x start, line68 y start",0.0
"line68 x start, line68 y end",0.002126216749743305
"line68 x end, line68 y start",0.0
"line68 x end, line68 y end",0.0020779570469581688
"line69 x start, line69 y start",0.0
"line69 x start, line69 y end",0.002552724222703776
"line69 x end, line69 y start",0.0
"line69 x end, line69 y end",0.002607310209947375
"line70 x start, line70 y start",0.0
"line70 x start, line70 y end",0.000555549769991239
"line70 x end, line70 y start",0.0
"line70 x end, line70 y end",0.0012105838159842672
"line71 x start, line71 y start",0.0
"line71 x start, line71 y end",0.0028847265597964134
"line71 x end, line71 y start",0.0
"line71 x end, line71 y end",0.0019769392989132093
"line72 x start, line72 y start",0.0
"line72 x start, line72 y end",0.0013954265537897798
"line72 x end, line72 y start",0.0
"line72 x end, line72 y end",0.0014367192979284876
"line73 x start, line73 y start",0.0
"line73 x start, line73 y end",0.000661276111407226
"line73 x end, line73 y start",0.0
"line73 x end, line73 y end",0.0020276429255735775
"line74 x start, line74 y start",0.0
"line74 x start, line74 y end",0.0024745500507987474
"line74 x end, line74 y start",0.0
"line74 x end, line74 y end",0.003474738688598093
"line75 x start, line75 y start",0.0
"line75 x start, line75 y end",0.002052140564686037
"line75 x end, line75 y start",0.0
"line75 x end, line75 y end",0.0025212284909211045
"line76 x start, line76 y start",0.0
"line76 x start, line76 y end",0.002960559843311284
"line76 x end, line76 y start",0.0
"line76 x end, line76 y end",0.002755542256741626
"line77 x start, line77 y start",0.0
"line77 x start, line77 y end",0.00040035520694699337
"line77 x end, line77 y start",0.0
"line77 x end, line77 y end",0.0019067634218825113
"line78 x start, line78 y start",0.0
"line78 x start, line78 y end",0.0018541051431227448
"line78 x end, line78 y start",0.0
"line78 x end, line78 y end",0.0014831473596025055
"line79 x start, line79 y start",0.0
"line79 x start, line79 y end",0.0010709673600955269
"line79 x end, line79 y start",0.0
"line79 x end, line79 y end",0.0
"line80 x start, line80 y start",0.0
"line80 x start, line80 y end",0.0011641654828630308
"line80 x end, line80 y start",0.0
"line80 x end, line80 y end",0.0008132886136526984
"line81 x start, line81 y start",0.0
"line81 x start, line81 y end",0.001305544744455615
"line81 x end, line81 y start",0.0
"line81 x end, line81 y end",0.0022593792693996247
"line82 x start, line82 y start",0.0
"line82 x start, line82 y end",0.0025839898138311657
"line82 x end, line82 y start",0.0
"line82 x end, line82 y end",0.0027076776497810223
"line83 x start, line83 y start",0.0
"line83 x start, line83 y end",0.0005055370894778611
"line83 x end, line83 y start",0.0
"line83 x end, line83 y end",0.001213900745561784
"line84 x start, line84 y start",0.0
"line84 x start, line84 y end",0.001204307553473892
"line84 x end, line84 y start",0.0
"line84 x end, line84 y end",0.0016792296890633105
"line85 x start, line85 y start",0.0
"line85 x start, line85 y end",0.001695716455028508
"line85 x end, line85 y start",0.0
"line85 x end, line85 y end",0.0002065505335369371
"line86 x start, line86 y start",0.0
"line86 x start, line86 y end",0.0005985954340752787
"line86 x end, line86 y start",0.0
"line86 x end, line86 y end",0.0007790853764207586
"line87 x start, line87 y start",0.0
"line87 x start, line87 y end",0.0021177050436135443
"line87 x end, line87 y start",0.0
"line87 x end, line87 y end",0.0017367051338735486
"line88 x start, line88 y start",0.0
"line88 x start, line88 y end",0.003001543420502039
"line88 x end, line88 y start",0.0
"line88 x end, line88 y end",0.0017691253654295316
"line89 x start, line89 y start",0.0
"line89 x start, line89 y end",0.0011682103523402926
"line89 x end, line89 y start",0.0
"line89 x end, line89 y end",0.0028379615881764025
"line90 x start, line90 y start",0.0
"line90 x start, line90 y end",0.0031704811948170463
"line90 x end, line90 y start",0.0
"line90 x end, line90 y end",0.002022868779268053
"line91 x start, line91 y start",0.0
"line91 x start, line91 y end",0.002477412587770569
"line91 x end, line91 y start",0.0
"line91 x end, line91 y end",0.001172374291943316
"line92 x start, line92 y start",0.0
"line92 x start, line92 y end",0.0017808625769628562
"line92 x end, line92 y start",0.0
"line92 x end, line92 y end",0.002984802878620954
"line93 x start, line93 y start",0.0
"line93 x start, line93 y end",0.0017520415604046025
"line93 x end, line93 y start",0.0
"line93 x end, line93 y end",0.0018910439912543586
"line94 x start, line94 y start",0.0
"line94 x start, line94 y end",0.0017587801832028513
"line94 x end, line94 y start",0.0
"line94 x end, line94 y end",0.003079168036974536
"line95 x start, line95 y start",0.0
"line95 x start, line95 y end",0.002061686404488819
"line95 x end, line95 y start",0.0
"line95 x end, line95 y end",0.00238621972540084
"line96 x start, line96 y start",0.0
"line96 x start, line96 y end",0.0032532424300610575
"line96 x end, line96 y start",0.0
"line96 x end, line96 y end",0.001757067439350329
"line97 x start, line97 y start",0.0
"line97 x start, line97 y end",5.4119202208312284e-05
"line97 x end, line97 y start",0.0
"line97 x end, line97 y end",0.0009756108601045966
"line98 x start, line98 y start",0.0
"line98 x start, line98 y end",0.0033922096059859404
"line98 x end, line98 y start",0.0
"line98 x end, line98 y end",0.0010094818749396123
"line99 x start, line99 y start",0.0
"line99 x start, line99 y end",0.0008761679156364852
"line99 x end, line99 y start",0.0
"line99 x end, line99 y end",0.002294751030603043
"line100 x start, line100 y start",0.0
"line100 x start, line100 y end",0.0006953090550971525
"line100 x end, line100 y start",0.0
"line100 x end, line100 y end",0.00010775547559034467
"line101 x start, line101 y start",0.0
"line101 x start, line101 y end",0.001150226000568451
"line101 x end, line101 y start",0.0
"line101 x end, line101 y end",0.0010901987935679508
"line102 x start, line102 y start",0.0
"line102 x start, line102 y end",0.0030738740628216046
"line102 x end, line102 y start",0.0
"line102 x end, line102 y end",0.0023577445871407906
"line103 x start, line103 y start",0.0
"line103 x start, line103 y end",0.0007943406854226245
"line103 x end, line103 y start",0.0
"line103 x end, line103 y end",0.003094072645946987
"line104 x start, line104 y start",0.0
"line104 x start, line104 y end",0.0009652493165414797
"line104 x end, line104 y start",0.0
"line104 x end, line104 y end",0.001297885817469683
"line105 x start, line105 y start",0.0
"line105 x start, line105 y end",0.0010697910675578853
"line105 x end, line105 y start",0.0
"line105 x end, line105 y end",0.0008128658723058846
"line106 x start, line106 y start",0.0
"line106 x start, line106 y end",0.002010115433182659
"line106 x end, line106 y start",0.0
"line106 x end, line106 y end",0.0014463473868691719
"line107 x start, line107 y start",0.0
"line107 x start, line107 y end",0.0011471381513186493
"line107 x end, line107 y start",0.0
"line107 x end, line107 y end",0.0005557731154652888
"line108 x start, line108 y start",0.0
"line108 x start, line108 y end",0.0010768890931980044
"line108 x end, line108 y start",0.0
"line108 x end, line108 y end",0.001880366206127137
"line109 x start, line109 y start",0.0
"line109 x start, line109 y end",0.0019811795002895195
"line109 x end, line109 y start",0.0
"line109 x end, line109 y end",0.0021230895095507214
"line110 x start, line110 y start",0.0
"line110 x start, line110 y end",0.0014061759853039005
"line110 x end, line110 y start",0.0
"line110 x end, line110 y end",0.00034588050004205005
"line111 x start, line111 y start",0.0
"line111 x start, line111 y end",0.0011288574379687657
"line111 x end, line111 y start",0.0
"line111 x end, line111 y end",0.0020360804179655662
"line112 x start, line112 y start",0.0
"line112 x start, line112 y end",0.0006033083591100178
"line112 x end, line112 y start",0.0
"line112 x end, line112 y end",0.0004780371206354099
"line113 x start, line113 y start",0.0
"line113 x start, line113 y end",0.0013281852534322458
"line113 x end, line113 y start",0.0
"line113 x end, line113 y end",0.0010380951720505283
"line114 x start, line114 y start",0.0
"line114 x start, line114 y end",0.0011321144345966397
"line114 x end, line114 y start",0.0
"line114 x end, line114 y end",0.0018301801638874132
"line115 x start, line115 y start",0.0
"line115 x start, line115 y end",0.0019886533812325993
"line115 x end, line115 y start",0.0
"line115 x end, line115 y end",0.0026844020821574248
"line116 x start, line116 y start",0.0
"line116 x start, line116 y end",0.002063968833975866
"line116 x end, line116 y start",0.0
"line116 x end, line116 y end",0.00016204357724842157
"line117 x start, line117 y start",0.0
"line117 x start, line117 y end",0.0006547196652423911
"line117 x end, line117 y start",0.0
"line117 x end, line117 y end",0.0041567600970246294
"line118 x start, line118 y start",0.0
"line118 x start, line118 y end",0.002343898796358221
"line118 x end, line118 y start",0.0
"line118 x end, line118 y end",0.0018819235516031871
"line119 x start, line119 y start",0.0
"line119 x start, line119 y end",0.0021876175601923727
"line119 x end, line119 y start",0.0
"line119 x end, line119 y end",0.0014252911982569308
"line120 x start, line120 y start",0.0
"line120 x start, line120 y end",0.0020401834773655335
"line120 x end, line120 y start",0.0
"line120 x end, line120 y end",0.001680024505807533
"line121 x start, line121 y start",0.0
"line121 x start, line121 y end",0.002214510103695133
"line121 x end, line121 y start",0.0
"line121 x end, line121 y end",0.0007668393024569225
"line122 x start, line122 y start",0.0
"line122 x start, line122 y end",0.0007666985811797003
"line122 x end, line122 y start",0.0
"line122 x end, line122 y end",0.00039514000002196354
"line123 x start, line123 y start",0.0
"line123 x start, line123 y end",0.0011925835247794273
"line123 x end, line123 y start",0.0
"line123 x end, line123 y end",0.0013328952001654165
"line124 x start, line124 y start",0.0
"line124 x start, line124 y end",0.002248446611105588
"line124 x end, line124 y start",0.0
"line124 x end, line124 y end",0.001944942086957305
"line125 x start, line125 y start",0.0
"line125 x start, line125 y end",0.001961413460991067
"line125 x end, line125 y start",0.0
"line125 x end, line125 y end",0.0011907427086828653
"line126 x start, line126 y start",0.0
"line126 x start, line126 y end",0.0013208750682593624
"line126 x end, line126 y start",0.0
"line126 x end, line126 y end",0.0006898232738933428
"line127 x start, line127 y start",0.0
"line127 x start, line127 y end",0.0015962032938625777
"line127 x end, line127 y start",0.0
"line127 x end, line127 y end",0.0016482213964232862
"line128 x start, line128 y start",0.0
"line128 x start, line128 y end",0.003032465206563375
"line128 x end, line128 y start",0.0
"line128 x end, line128 y end",0.001967531803449789
"line129 x start, line129 y start",0.0
"line129 x start, line129 y end",0.0016376487213929437
"line129 x end, line129 y start",0.0
"line129 x end, line129 y end",0.001813471868306997
"line130 x start, line130 y start",0.0
"line130 x start, line130 y end",0.0018704806081079387
"line130 x end, line130 y start",0.0
"line130 x end, line130 y end",0.004018605054739177
"line131 x start, line131 y start",0.0
"line131 x start, line131 y end",0.0018976882801760846
"line131 x end, line131 y start",0.0
"line131 x end, line131 y end",0.0021340140823155125
"line132 x start, line132 y start",0.0
"line132 x start, line132 y end",0.0006764473239641628
"line132 x end, line132 y start",0.0
"line132 x end, line132 y end",0.002445621592558103
"line133 x start, line133 y start",0.0
"line133 x start, line133 y end",0.0009683845749404371
"line133 x end, line133 y start",0.0
"line133 x end, line133 y end",0.0027574750209290243
"line134 x start, line134 y start",0.0
"line134 x start, line134 y end",0.0016718459696012911
"line134 x end, line134 y start",0.0
"line134 x end, line134 y end",0.001213968192110358
"line135 x start, line135 y start",0.0
"line135 x start, line135 y end",0.0017356349905473317
"line135 x end, line135 y start",0.0
"line135 x end, line135 y end",0.0015094064287094456
"line136 x start, line136 y start",0.0
"line136 x start, line136 y end",0.0020209428690572376
"line136 x end, line136 y start",0.0
"line136 x end, line136 y end",0.0018021577470787341
"line137 x start, line137 y start",0.0
"line137 x start, line137 y end",0.0016710897485843587
"line137 x end, line137 y start",0.0
"line137 x end, line137 y end",0.004114043310195667
"line138 x start, line138 y start",0.0
"line138 x start, line138 y end",0.0020959242226258313
"line138 x end, line138 y start",0.0
"line138 x end, line138 y end",0.002895140232936395
"line139 x start, line139 y start",0.0
"line139 x start, line139 y end",0.0010408470671910844
"line139 x end, line139 y start",0.0
"line139 x end, line139 y end",0.0021479657989329367
"line140 x start, line140 y start",0.0
"line140 x start, line140 y end",0.0029672208592421523
"line140 x end, line140 y start",0.0
"line140 x end, line140 y end",0.003869608980169027
"line141 x start, line141 y start",0.0
"line141 x start, line141 y end",0.003662922082050227
"line141 x end, line141 y start",0.0
"line141 x end, line141 y end",0.000621289106467903
"line142 x start, line142 y start",0.0
"line142 x start, line142 y end",0.0016299532244528137
"line142 x end, line142 y start",0.0
"line142 x end, line142 y end",0.0017607458030533944
"line143 x start, line143 y start",0.0
"line143 x start, line143 y end",0.001141246614389939
"line143 x end, line143 y start",0.0
"line143 x end, line143 y end",0.0012342013568322873
"line144 x start, line144 y start",0.0
"line144 x start, line144 y end",0.002140430921241591
"line144 x end, line144 y start",0.0
"line144 x end, line144 y end",0.0021192469660536173
"line145 x start, line145 y start",0.0
"line145 x start, line145 y end",0.0013536058610477937
"line145 x end, line145 y start",0.0
"line145 x end, line145 y end",0.00012469418914838116
"line146 x start, line146 y start",0.0
"line146 x start, line146 y end",0.0015040211986030447
"line146 x end, line146 y start",0.0
"line146 x end, line146 y end",0.0010174393969965207
"line147 x start, line147 y start",0.0
"line147 x start, line147 y end",0.0014355316114769018
"line147 x end, line147 y start",0.0
"line147 x end, line147 y end",0.002126428180715082
"line148 x start, line148 y start",0.0
"line148 x start, line148 y end",0.001968504477787768
"line148 x end, line148 y start",0.0
"line148 x end, line148 y end",0.0006465116591212029
"line149 x start, line149 y start",0.0
"line149 x start, line149 y end",0.0012613801648583773
"line149 x end, line149 y start",0.0
"line149 x end, line149 y end",0.001127565803291482
"line150 x start, line150 y start",0.0
"line150 x start, line150 y end",0.00010437570518125452
"line150 x end, line150 y start",0.0
"line150 x end, line150 y end",0.00156174277836659
"line151 x start, line151 y start",0.0
"line151 x start, line151 y end",0.000817095345256803
"line151 x end, line151 y start",0.0
"line151 x end, line151 y end",0.0033517289708279744
"line152 x start, line152 y start",0.0
"line152 x start, line152 y end",0.0015787566298021132
"line152 x end, line152 y start",0.0
"line152 x end, line152 y end",0.0011493618102874376
"line153 x start, line153 y start",0.0
"line153 x start, line153 y end",0.0023967445630910917
"line153 x end, line153 y start",0.0
"line153 x end, line153 y end",0.002088525317830965
"line154 x start, line154 y start",0.0
"line154 x start, line154 y end",0.000985412514177707
"line154 x end, line154 y start",0.0
"line154 x end, line154 y end",0.0011477854641529122
"line155 x start, line155 y start",0.0
"line155 x start, line155 y end",0.002206497752780687
"line155 x end, line155 y start",0.0
"line155 x end, line155 y end",0.0012756410360109875
"line156 x start, line156 y start",0.0
"line156 x start, line156 y end",0.0013668663142084956
"line156 x end, line156 y start",0.0
"line156 x end, line156 y end",0.0008967122823071737
"line157 x start, line157 y start",0.0
"line157 x start, line157 y end",0.00018473058942741774
"line157 x end, line157 y start",0.0
"line157 x end, line157 y end",0.0005852784458372519
"line158 x start, line158 y start",0.0
"line158 x start, line158 y end",0.0014153233752280143
"line158 x end, line158 y start",0.0
"line158 x end, line158 y end",0.001285443094449872
"line159 x start, line159 y start",0.0
"line159 x start, line159 y end",0.0007863080459878509
"line159 x end, line159 y start",0.0
"line159 x end, line159 y end",0.0015086758045520995
"line160 x start, line160 y start",0.0
"line160 x start, line160 y end",0.0021309174462859556
"line160 x end, line160 y start",0.0
"line160 x end, line160 y end",0.000731101300123654
"line161 x start, line161 y start",0.0
"line161 x start, line161 y end",0.0006169596319162335
"line161 x end, line161 y start",0.0
"line161 x end, line161 y end",0.0009778145909663102
"line162 x start, line162 y start",0.0
"line162 x start, line162 y end",0.0005927675853058833
"line162 x end, line162 y start",0.0
"line162 x end, line162 y end",0.0013655210930255612
"line163 x start, line163 y start",0.0
"line163 x start, line163 y end",0.003706067419940221
"line163 x end, line163 y start",0.0
"line163 x end, line163 y end",0.0016493865525775378
"line164 x start, line164 y start",0.0
"line164 x start, line164 y end",0.0016712255753912298
"line164 x end, line164 y start",0.0
"line164 x end, line164 y end",0.0006991987333980968
"line165 x start, line165 y start",0.0
"line165 x start, line165 y end",0.00027172191729890675
"line165 x end, line165 y start",0.0
"line165 x end, line165 y end",0.0015405630418335841
"line166 x start, line166 y start",0.0
"line166 x start, line166 y end",0.0013751130562653182
"line166 x end, line166 y start",0.0
"line166 x end, line166 y end",0.0008899263444782002
"line167 x start, line167 y start",0.0
"line167 x start, line167 y end",0.00039808021179483545
"line167 x end, line167 y start",0.0
"line167 x end, line167 y end",0.002794378928098878
"line168 x start, line168 y start",0.0
"line168 x start, line168 y end",0.0021449445910738346
"line168 x end, line168 y start",0.0
"line168 x end, line168 y end",0.0006306226396287351
"line169 x start, line169 y start",0.0
"line169 x start, line169 y end",0.00015032722089029996
"line169 x end, line169 y start",0.0
"line169 x end, line169 y end",0.0008625221587775982
"line170 x start, line170 y start",0.0
"line170 x start, line170 y end",0.0005861986123435941
"line170 x end, line170 y start",0.0
"line170 x end, line170 y end",0.0013075622100194274
"line171 x start, line171 y start",0.0
"line171 x start, line171 y end",0.00036202075177139514
"line171 x end, line171 y start",0.0
"line171 x end, line171 y end",0.00016021093316558117
"line172 x start, line172 y start",0.0
"line172 x start, line172 y end",0.001963258354636119
"line172 x end, line172 y start",0.0
"line172 x end, line172 y end",0.00015925771261533886
"line173 x start, line173 y start",0.0
"line173 x start, line173 y end",0.0010119696646884518
"line173 x end, line173 y start",0.0
"line173 x end, line173 y end",0.0007744073656658249
"line174 x start, line174 y start",0.0
"line174 x start, line174 y end",0.001003076395702943
"line174 x end, line174 y start",0.0
"line174 x end, line174 y end",0.0011077220020518802
"line175 x start, line175 y start",0.0
"line175 x start, line175 y end",0.0008824311431679032
"line175 x end, line175 y start",0.0
"line175 x end, line175 y end",0.0009741350239047649
"line176 x start, line176 y start",0.0
"line176 x start, line176 y end",0.0003763272790893253
"line176 x end, line176 y start",0.0
"line176 x end, line176 y end",0.0009319052307493501
"line177 x start, line177 y start",0.0
"line177 x start, line177 y end",0.0009967600967087608
"line177 x end, line177 y start",0.0
"line177 x end, line177 y end",0.00038590439109799347
"line178 x start, line178 y start",0.0
"line178 x start, line178 y end",0.0013813255298166457
"line178 x end, line178 y start",0.0
"line178 x end, line178 y end",0.0007211357449913277
"line179 x start, line179 y start",0.0
"line179 x start, line179 y end",0.0020380866258376527
"line179 x end, line179 y start",0.0
"line179 x end, line179 y end",0.0015381547549243812
"line180 x start, line180 y start",0.0
"line180 x start, line180 y end",0.0022616246284924268
"line180 x end, line180 y start",0.0
"line180 x end, line180 y end",0.0002691199352493389
"line181 x start, line181 y start",0.0
"line181 x start, line181 y end",0.0018093213652337688
"line181 x end, line181 y start",0.0
"line181 x end, line181 y end",0.0014953181705821906
"line182 x start, line182 y start",0.0
"line182 x start, line182 y end",0.00047254276459696517
"line182 x end, line182 y start",0.0
"line182 x end, line182 y end",0.001259533185077734
"line183 x start, line183 y start",0.0
"line183 x start, line183 y end",0.002097657009851892
"line183 x end, line183 y start",0.0
"line183 x end, line183 y end",0.000641490842674359
"line184 x start, line184 y start",0.0
"line184 x start, line184 y end",0.0007394967949737769
"line184 x end, line184 y start",0.0
"line184 x end, line184 y end",0.0028541748382375637
"line185 x start, line185 y start",0.0
"line185 x start, line185 y end",0.0020315808086730507
"line185 x end, line185 y start",0.0
"line185 x end, line185 y end",0.003099453471742558
"line186 x start, line186 y start",0.0
"line186 x start, line186 y end",0.0013361784213502766
"line186 x end, line186 y start",0.0
"line186 x end, line186 y end",0.0022349003476905315
"line187 x start, line187 y start",0.0
"line187 x start, line187 y end",0.002595390149706141
"line187 x end, line187 y start",0.0
"line187 x end, line187 y end",0.000562647761157816
"line188 x start, line188 y start",0.0
"line188 x start, line188 y end",0.0029231380120279004
"line188 x end, line188 y start",0.0
"line188 x end, line188 y end",0.0022963711386432832
"line189 x start, line189 y start",0.0
"line189 x start, line189 y end",0.0011978664917104745
"line189 x end, line189 y start",0.0
"line189 x end, line189 y end",0.001311623847414235
"line190 x start, line190 y start",0.0
"line190 x start, line190 y end",0.0028934861209982464
"line190 x end, line190 y start",0.0
"line190 x end, line190 y end",0.0009535305846034445
"line191 x start, line191 y start",0.0
"line191 x start, line191 y end",0.002527875007974664
"line191 x end, line191 y start",0.0
"line191 x end, line191 y end",0.0025732056169433587
"line192 x start, line192 y start",0.0
"line192 x start, line192 y end",0.0011234052973040348
"line192 x end, line192 y start",0.0
"line192 x end, line192 y end",0.0022925180266932395
"line193 x start, line193 y start",0.0
"line193 x start, line193 y end",0.0010720426466141358
"line193 x end, line193 y start",0.0
"line193 x end, line193 y end",0.0010954810671185776
"line194 x start, line194 y start",0.0
"line194 x start, line194 y end",0.0016557067407367346
"line194 x end, line194 y start",0.0
"line194 x end, line194 y end",0.0013407308428476012
"line195 x start, line195 y start",0.0
"line195 x start, line195 y end",0.00320622799852756
"line195 x end, line195 y start",0.0
"line195 x end, line195 y end",0.003481022858050033
"line196 x start, line196 y start",0.0
"line196 x start, line196 y end",0.0022760860935179543
"line196 x end, line196 y start",0.0
"line196 x end, line196 y end",0.0002682080924855491
"line197 x start, line197 y start",0.0
"line197 x start, line197 y end",0.0027585471762106195
"line197 x end, line197 y start",0.0
"line197 x end, line197 y end",0.001760224257356359
"line198 x start, line198 y start",0.0
"line198 x start, line198 y end",0.0042103144056756065
"line198 x end, line198 y start",0.0
"line198 x end, line198 y end",0.0017516890005714184
"line199 x start, line199 y start",0.0
"line199 x start, line199 y end",0.002179899902099741
"line199 x end, line199 y start",0.0
"line199 x end, line199 y end",0.0009201241681067063
"line200 x start, line200 y start",0.0
"line200 x start, line200 y end",0.0051923295941033
"line200 x end, line200 y start",0.0
"line200 x end, line200 y end",0.003122171085843511
"line201 x start, line201 y start",0.0
"line201 x start, line201 y end",0.0030657574689548655
"line201 x end, line201 y start",0.0
"line201 x end, line201 y end",0.001011236272864178
"line202 x start, line202 y start",0.0
"line202 x start, line202 y end",0.001197603539940858
"line202 x end, line202 y start",0.0
"line202 x end, line202 y end",0.0012139399698411007
"line203 x start, line203 y start",0.0
"line203 x start, line203 y end",0.001878222314206038
"line203 x end, line203 y start",0.0
"line203 x end, line203 y end",0.0004797349860600038
"line204 x start, line204 y start",0.0
"line204 x start, line204 y end",0.0
"line204 x end, line204 y start",0.0
"line204 x end, line204 y end",0.0007130682142304629
"line205 x start, line205 y start",0.0
"line205 x start, line205 y end",0.0016001819501386652
"line205 x end, line205 y start",0.0
"line205 x end, line205 y end",0.000847015064748291
"line206 x start, line206 y start",0.0
"line206 x start, line206 y end",8.621828752642705e-05
"line206 x end, line206 y start",0.0
"line206 x end, line206 y end",0.00048374412210835363
"line207 x start, line207 y start",0.0
"line207 x start, line207 y end",0.0005547045370630632
"line207 x end, line207 y start",0.0
"line207 x end, line207 y end",0.00021725336353382342
"line208 x start, line208 y start",0.0
"line208 x start, line208 y end",0.0009462342445097039
"line208 x end, line208 y start",0.0
"line208 x end, line208 y end",0.00011205875541734215
"line209 x start, line209 y start",0.0
"line209 x start, line209 y end",0.000835169317749514
"line209 x end, line209 y start",0.0
"line209 x end, line209 y end",0.0001095163926848536
"line210 x start, line210 y start",0.0
"line210 x start, line210 y end",0.00017849354291229973
"line210 x end, line210 y start",0.0
"line210 x end, line210 y end",0.0
"line211 x start, line211 y start",0.0
"line211 x start, line211 y end",0.0009791806295127374
"line211 x end, line211 y start",0.0
"line211 x end, line211 y end",0.0007488827470751147
"line212 x start, line212 y start",0.0
"line212 x start, line212 y end",0.0
"line212 x end, line212 y start",0.0
"line212 x end, line212 y end",0.0005490634534439548
"line213 x start, line213 y start",0.0
"line213 x start, line213 y end",7.246821313515326e-05
"line213 x end, line213 y start",0.0
"line213 x end, line213 y end",0.00043885861570995934
"line214 x start, line214 y start",0.0
"line214 x start, line214 y end",0.0004447947973773104
"line214 x end, line214 y start",0.0
"line214 x end, line214 y end",0.00022056466894979383
"line215 x start, line215 y start",0.0
"line215 x start, line215 y end",0.0012931203551851912
"line215 x end, line215 y start",0.0
"line215 x end, line215 y end",0.0005301690773249387
"line216 x start, line216 y start",0.0
"line216 x start, line216 y end",0.00033862666147557773
"line216 x end, line216 y start",0.0
"line216 x end, line216 y end",8.151427597657022e-05
"line217 x start, line217 y start",0.0
"line217 x start, line217 y end",0.0010057958227746395
"line217 x end, line217 y start",0.0
"line217 x end, line217 y end",0.00010250972074938139
"line218 x start, line218 y start",0.0
"line218 x start, line218 y end",0.0010272809866291336
"line218 x end, line218 y start",0.0
"line218 x end, line218 y end",0.0001220102540869739
"line219 x start, line219 y start",0.0
"line219 x start, line219 y end",0.0013593103106765672
"line219 x end, line219 y start",0.0
"line219 x end, line219 y end",0.0008264697446235085
"line220 x start, line220 y start",0.0
"line220 x start, line220 y end",0.0005101183482476057
"line220 x end, line220 y start",0.0
"line220 x end, line220 y end",0.0003675109656955968
"line221 x start, line221 y start",0.0
"line221 x start, line221 y end",0.0
"line221 x end, line221 y start",0.0
"line221 x end, line221 y end",5.305083593813021e-05
"line222 x start, line222 y start",0.0
"line222 x start, line222 y end",0.00045233796410380203
"line222 x end, line222 y start",0.0
"line222 x end, line222 y end",0.0001459515395199433
"line223 x start, line223 y start",0.0
"line223 x start, line223 y end",0.0013854838126434958
"line223 x end, line223 y start",0.0
"line223 x end, line223 y end",0.00028951709425112756
"line224 x start, line224 y start",0.0
"line224 x start, line224 y end",0.0007428939861527575
"line224 x end, line224 y start",0.0
"line224 x end, line224 y end",0.0
"line225 x start, line225 y start",0.0
"line225 x start, line225 y end",0.0009374918043222832
"line225 x end, line225 y start",0.0
"line225 x end, line225 y end",0.000282585202066237
"line226 x start, line226 y start",0.0
"line226 x start, line226 y end",0.0003511347242562407
"line226 x end, line226 y start",0.0
"line226 x end, line226 y end",0.0004079758737648097
"line227 x start, line227 y start",0.0
"line227 x start, line227 y end",0.00040988374926963206
"line227 x end, line227 y start",0.0
"line227 x end, line227 y end",0.0005776356283844204
"line228 x start, line228 y start",0.0
"line228 x start, line228 y end",0.00025586894454237674
"line228 x end, line228 y start",0.0
"line228 x end, line228 y end",0.0005519823430020044
"line229 x start, line229 y start",0.0
"line229 x start, line229 y end",0.0
"line229 x end, line229 y start",0.0
"line229 x end, line229 y end",0.0002043124102167144
"line230 x start, line230 y start",0.0
"line230 x start, line230 y end",0.0001593972356692226
"line230 x end, line230 y start",0.0
"line230 x end, line230 y end",0.001900919774375439
"line231 x start, line231 y start",0.0
"line231 x start, line231 y end",0.0003916543407047122
"line231 x end, line231 y start",0.0
"line231 x end, line231 y end",9.225874867444325e-05
"line232 x start, line232 y start",0.0
"line232 x start, line232 y end",0.0010179154773604913
"line232 x end, line232 y start",0.0
"line232 x end, line232 y end",4.9340939273780775e-05
"line233 x start, line233 y start",0.0
"line233 x start, line233 y end",0.0010056700411344589
"line233 x end, line233 y start",0.0
"line233 x end, line233 y end",0.00020905576818431654
"line234 x start, line234 y start",0.0
"line234 x start, line234 y end",0.0008313123621451644
"line234 x end, line234 y start",0.0
"line234 x end, line234 y end",0.00028044754821000844
"line235 x start, line235 y start",0.0
"line235 x start, line235 y end",0.001075339616021323
"line235 x end, line235 y start",0.0
"line235 x end, line235 y end",0.0008182883786733582
"line236 x start, line236 y start",0.0
"line236 x start, line236 y end",0.001445956429973796
"line236 x end, line236 y start",0.0
"line236 x end, line236 y end",0.00031875529576001955
"line237 x start, line237 y start",0.0
"line237 x start, line237 y end",0.00038945341575084196
"line237 x end, line237 y start",0.0
"line237 x end, line237 y end",0.00024530422227949424
"line238 x start, line238 y start",0.0
"line238 x start, line238 y end",0.0003723358903606313
"line238 x end, line238 y start",0.0
"line238 x end, line238 y end",0.00048805287812949907
"line239 x start, line239 y start",0.0
"line239 x start, line239 y end",0.0007196398606011984
"line239 x end, line239 y start",0.0
"line239 x end, line239 y end",7.254482722814569e-05
"line240 x start, line240 y start",0.0
"line240 x start, line240 y end",0.00026579894514960445
"line240 x end, line240 y start",0.0
"line240 x end, line240 y end",0.0015525179209729253
"line241 x start, line241 y start",0.0
"line241 x start, line241 y end",5.5626695246264225e-05
"line241 x end, line241 y start",0.0
"line241 x end, line241 y end",5.59877388651721e-05
"line242 x start, line242 y start",0.0
"line242 x start, line242 y end",7.736441537826455e-06
"line242 x end, line242 y start",0.0
"line242 x end, line242 y end",0.0010337739293233782
"line243 x start, line243 y start",0.0
"line243 x start, line243 y end",0.000559492672421502
"line243 x end, line243 y start",0.0
"line243 x end, line243 y end",0.00010449261345318693
"line244 x start, line244 y start",0.0
"line244 x start, line244 y end",0.00046373639402152485
"line244 x end, line244 y start",0.0
"line244 x end, line244 y end",0.0
"line245 x start, line245 y start",0.0
"line245 x start, line245 y end",0.0004202962669148271
"line245 x end, line245 y start",0.0
"line245 x end, line245 y end",0.0006736679459105733
"line246 x start, line246 y start",0.0
"line246 x start, line246 y end",9.406858202038921e-05
"line246 x end, line246 y start",0.0
"line246 x end, line246 y end",0.0005479737426411014
"line247 x start, line247 y start",0.0
"line247 x start, line247 y end",5.1734817763608894e-05
"line247 x end, line247 y start",0.0
"line247 x end, line247 y end",0.0004481783324958063
"line248 x start, line248 y start",0.0
"line248 x start, line248 y end",5.1168381469105966e-05
"line248 x end, line248 y start",0.0
"line248 x end, line248 y end",0.0
"line249 x start, line249 y start",0.0
"line249 x start, line249 y end",0.001201815423561881
"line249 x end, line249 y start",0.0
"line249 x end, line249 y end",8.473607317538033e-06
"line250 x start, line250 y start",0.0
"line250 x start, line250 y end",0.0016588864570930234
"line250 x end, line250 y start",0.0
"line250 x end, line250 y end",0.0020162785667907964
"line251 x start, line251 y start",0.0
"line251 x start, line251 y end",0.0
"line251 x end, line251 y start",0.0
"line251 x end, line251 y end",0.0
"line252 x start, line252 y start",0.0
"line252 x start, line252 y end",0.00036675891141829247
"line252 x end, line252 y start",0.0
"line252 x end, line252 y end",0.00021280898855246998
"line253 x start, line253 y start",0.0
"line253 x start, line253 y end",0.0006113184000883677
"line253 x end, line253 y start",0.0
"line253 x end, line253 y end",0.00017313073082372073
"line254 x start, line254 y start",0.0
"line254 x start, line254 y end",0.0006033694183608381
"line254 x end, line254 y start",0.0
"line254 x end, line254 y end",0.0010809988726843002
"line255 x start, line255 y start",0.0
"line255 x start, line255 y end",0.0
"line255 x end, line255 y start",0.0
"line255 x end, line255 y end",4.385861268780516e-06
"line256 x start, line256 y start",0.0
"line256 x start, line256 y end",0.0009545219354661415
"line256 x end, line256 y start",0.0
"line256 x end, line256 y end",0.0006917792301234074
"line257 x start, line257 y start",0.0
"line257 x start, line257 y end",0.0
"line257 x end, line257 y start",0.0
"line257 x end, line257 y end",0.0007059806173739811
"line258 x start, line258 y start",0.0
"line258 x start, line258 y end",0.000886883164829775
"line258 x end, line258 y start",0.0
"line258 x end, line258 y end",0.0017064164408237747
"line259 x start, line259 y start",0.0
"line259 x start, line259 y end",0.0011012234129890522
"line259 x end, line259 y start",0.0
"line259 x end, line259 y end",0.00016405384249761597
"line260 x start, line260 y start",0.0
"line260 x start, line260 y end",5.603327330783137e-05
"line260 x end, line260 y start",0.0
"line260 x end, line260 y end",0.00011348933177088585
"line261 x start, line261 y start",0.0
"line261 x start, line261 y end",0.00012908687549220474
"line261 x end, line261 y start",0.0
"line261 x end, line261 y end",0.0
"line262 x start, line262 y start",0.0
"line262 x start, line262 y end",5.307844831969086e-05
"line262 x end, line262 y start",0.0
"line262 x end, line262 y end",0.0
"line263 x start, line263 y start",0.0
"line263 x start, line263 y end",0.0009007478910998053
"line263 x end, line263 y start",0.0
"line263 x end, line263 y end",0.0003592390048185562
"line264 x start, line264 y start",0.0
"line264 x start, line264 y end",0.0002274096301996053
"line264 x end, line264 y start",0.0
"line264 x end, line264 y end",5.570751208330084e-05
"line265 x start, line265 y start",0.0
"line265 x start, line265 y end",0.0
"line265 x end, line265 y start",0.0
"line265 x end, line265 y end",0.00013587882027117081
"line266 x start, line266 y start",0.0
"line266 x start, line266 y end",0.0
"line266 x end, line266 y start",0.0
"line266 x end, line266 y end",4.610034773969199e-05
"line267 x start, line267 y start",0.0
"line267 x start, line267 y end",0.0009088991708820002
"line267 x end, line267 y start",0.0
"line267 x end, line267 y end",0.0008243918764497294
"line268 x start, line268 y start",0.0
"line268 x start, line268 y end",0.0
"line268 x end, line268 y start",0.0
"line268 x end, line268 y end",0.0005812409927192624
"line269 x start, line269 y start",0.0
"line269 x start, line269 y end",0.0005370037782971095
"line269 x end, line269 y start",0.0
"line269 x end, line269 y end",0.0
"line270 x start, line270 y start",0.0
"line270 x start, line270 y end",0.0007209130374468695
"line270 x end, line270 y start",0.0
"line270 x end, line270 y end",0.0009958205911841688
"line271 x start, line271 y start",0.0
"line271 x start, line271 y end",0.0006682644175396976
"line271 x end, line271 y start",0.0
"line271 x end, line271 y end",0.00021386834570782717
"line272 x start, line272 y start",0.0
"line272 x start, line272 y end",0.000733246587762438
"line272 x end, line272 y start",0.0
"line272 x end, line272 y end",0.0
"line273 x start, line273 y start",0.0
"line273 x start, line273 y end",8.626459433330857e-05
"line273 x end, line273 y start",0.0
"line273 x end, line273 y end",0.0
"line274 x start, line274 y start",0.0
"line274 x start, line274 y end",0.00010578163087201265
"line274 x end, line274 y start",0.0
"line274 x end, line274 y end",0.0007359214488360229
"line275 x start, line275 y start",0.0
"line275 x start, line275 y end",0.00019143939921534132
"line275 x end, line275 y start",0.0
"line275 x end, line275 y end",0.00039381661407747687
"line276 x start, line276 y start",0.0
"line276 x start, line276 y end",0.0007500670054216691
"line276 x end, line276 y start",0.0
"line276 x end, line276 y end",0.0002788950482109023
"line277 x start, line277 y start",0.0
"line277 x start, line277 y end",0.0002715325295970458
"line277 x end, line277 y start",0.0
"line277 x end, line277 y end",0.00040260668740530777
"line278 x start, line278 y start",0.0
"line278 x start, line278 y end",5.1766883739380536e-05
"line278 x end, line278 y start",0.0
"line278 x end, line278 y end",0.00011192803642470867
"line279 x start, line279 y start",0.0
"line279 x start, line279 y end",0.0004895650735194821
"line279 x end, line279 y start",0.0
"line279 x end, line279 y end",8.416212124805925e-05
"line280 x start, line280 y start",0.0
"line280 x start, line280 y end",0.0008269380608445634
"line280 x end, line280 y start",0.0
"line280 x end, line280 y end",0.0
"line281 x start, line281 y start",0.0
"line281 x start, line281 y end",5.7930965599327366e-05
"line281 x end, line281 y start",0.0
"line281 x end, line281 y end",0.00010994143177715924
"line282 x start, line282 y start",0.0
"line282 x start, line282 y end",0.0008695944966049035
"line282 x end, line282 y start",0.0
"line282 x end, line282 y end",0.0003635764438858821
"line283 x start, line283 y start",0.0
"line283 x start, line283 y end",0.00035375550539573885
"line283 x end, line283 y start",0.0
"line283 x end, line283 y end",0.00025259485086256
"line284 x start, line284 y start",0.0
"line284 x start, line284 y end",0.000983440171599667
"line284 x end, line284 y start",0.0
"line284 x end, line284 y end",0.00046651770035949924
"line285 x start, line285 y start",0.0
"line285 x start, line285 y end",0.0003505602140156503
"line285 x end, line285 y start",0.0
"line285 x end, line285 y end",0.0005523804181606691
"line286 x start, line286 y start",0.0
"line286 x start, line286 y end",0.00010395285445017843
"line286 x end, line286 y start",0.0
"line286 x end, line286 y end",0.0026989871790210358
"line287 x start, line287 y start",0.0
"line287 x start, line287 y end",0.0003376400773570923
"line287 x end, line287 y start",0.0
"line287 x end, line287 y end",0.0
"line288 x start, line288 y start",0.0
"line288 x start, line288 y end",0.0005322686431485385
"line288 x end, line288 y start",0.0
"line288 x end, line288 y end",6.428472954991695e-05
"line289 x start, line289 y start",0.0
"line289 x start, line289 y end",0.0006782554126658198
"line289 x end, line289 y start",0.0
"line289 x end, line289 y end",0.0
"line290 x start, line290 y start",0.0
"line290 x start, line290 y end",0.0007208299454611717
"line290 x end, line290 y start",0.0
"line290 x end, line290 y end",5.103434752360204e-05
"line291 x start, line291 y start",0.0
"line291 x start, line291 y end",0.0001449818772653418
"line291 x end, line291 y start",0.0
"line291 x end, line291 y end",0.00010755885522079296
"line292 x start, line292 y start",0.0
"line292 x start, line292 y end",0.0010496062326849828
"line292 x end, line292 y start",0.0
"line292 x end, line292 y end",0.00035927323245540206
"line293 x start, line293 y start",0.0
"line293 x start, line293 y end",4.970807220526006e-05
"line293 x end, line293 y start",0.0
"line293 x end, line293 y end",0.00022135442137876968
"line294 x start, line294 y start",0.0
"line294 x start, line294 y end",0.0
"line294 x end, line294 y start",0.0
"line294 x end, line294 y end",0.0011157921091140427
"line295 x start, line295 y start",0.0
"line295 x start, line295 y end",0.00011445820822110672
"line295 x end, line295 y start",0.0
"line295 x end, line295 y end",4.5001293140606846e-06
"line296 x start, line296 y start",0.0
"line296 x start, line296 y end",5.108725571153316e-05
"line296 x end, line296 y start",0.0
"line296 x end, line296 y end",0.0004954135949415427
"line297 x start, line297 y start",0.0
"line297 x start, line297 y end",0.0
"line297 x end, line297 y start",0.0
"line297 x end, line297 y end",0.0009641607146888424
"line298 x start, line298 y start",0.0
"line298 x start, line298 y end",0.0016191258927318447
"line298 x end, line298 y start",0.0
"line298 x end, line298 y end",0.0008529343141816908
"line299 x start, line299 y start",0.0
"line299 x start, line299 y end",0.002191958417359413
"line299 x end, line299 y start",0.0
"line299 x end, line299 y end",0.0008208984992582305
"line300 x start, line300 y start",0.0
"line300 x start, line300 y end",0.00012098761910264911
"line300 x end, line300 y start",0.0
"line300 x end, line300 y end",0.0004264030577992779
"line301 x start, line301 y start",0.0
"line301 x start, line301 y end",0.00032795836603196883
"line301 x end, line301 y start",0.0
"line301 x end, line301 y end",0.0004040689418117062
"line302 x start, line302 y start",0.0
"line302 x start, line302 y end",0.0004943985386533778
"line302 x end, line302 y start",0.0
"line302 x end, line302 y end",4.789904862579281e-05
"line303 x start, line303 y start",0.0
"line303 x start, line303 y end",0.0008085352620097997
"line303 x end, line303 y start",0.0
"line303 x end, line303 y end",0.0
"line304 x start, line304 y start",0.0
"line304 x start, line304 y end",0.0005808516664043819
"line304 x end, line304 y start",0.0
"line304 x end, line304 y end",0.0010759852384217277
"line305 x start, line305 y start",0.0
"line305 x start, line305 y end",0.0003356899322784212
"line305 x end, line305 y start",0.0
"line305 x end, line305 y end",0.0007746122220841486
"line306 x start, line306 y start",0.0
"line306 x start, line306 y end",0.0003493852442387382
"line306 x end, line306 y start",0.0
"line306 x end, line306 y end",0.00018577456911891808
"line307 x start, line307 y start",0.0
"line307 x start, line307 y end",0.000676599189716104
"line307 x end, line307 y start",0.0
"line307 x end, line307 y end",0.0012612452636841904
"line308 x start, line308 y start",0.0
"line308 x start, line308 y end",0.0005634430525546985
"line308 x end, line308 y start",0.0
"line308 x end, line308 y end",0.00019761101110466625
"line309 x start, line309 y start",0.0
"line309 x start, line309 y end",0.00011798543065726822
"line309 x end, line309 y start",0.0
"line309 x end, line309 y end",0.00016478085448501048
"line310 x start, line310 y start",0.0
"line310 x start, line310 y end",0.00028877846777789086
"line310 x end, line310 y start",0.0
"line310 x end, line310 y end",0.00030257087429288716
"line311 x start, line311 y start",0.0
"line311 x start, line311 y end",0.0008453040413164941
"line311 x end, line311 y start",0.0
"line311 x end, line311 y end",0.00011385432374734612
"line312 x start, line312 y start",0.0
"line312 x start, line312 y end",0.00022559962188494653
"line312 x end, line312 y start",0.0
"line312 x end, line312 y end",0.0005528423328190315
"line313 x start, line313 y start",0.0
"line313 x start, line313 y end",5.313639614099465e-05
"line313 x end, line313 y start",0.0
"line313 x end, line313 y end",0.0
"line314 x start, line314 y start",0.0
"line314 x start, line314 y end",0.00024340349257806815
"line314 x end, line314 y start",0.0
"line314 x end, line314 y end",0.0001117348125020759
"line315 x start, line315 y start",0.0
"line315 x start, line315 y end",0.00028766625352787524
"line315 x end, line315 y start",0.0
"line315 x end, line315 y end",0.00021511173810520172
"line316 x start, line316 y start",0.0
"line316 x start, line316 y end",0.00032435767532346495
"line316 x end, line316 y start",0.0
"line316 x end, line316 y end",0.00011449249829925897
"line317 x start, line317 y start",0.0
"line317 x start, line317 y end",0.0004011090140066326
"line317 x end, line317 y start",0.0
"line317 x end, line317 y end",0.00017564727516529546
"line318 x start, line318 y start",0.0
"line318 x start, line318 y end",7.88798752568165e-05
"line318 x end, line318 y start",0.0
"line318 x end, line318 y end",0.0008535316585375135
"line319 x start, line319 y start",0.0
"line319 x start, line319 y end",0.0004119138964243835
"line319 x end, line319 y start",0.0
"line319 x end, line319 y end",0.0019648880829792616
"line320 x start, line320 y start",0.0
"line320 x start, line320 y end",0.0
"line320 x end, line320 y start",0.0
"line320 x end, line320 y end",0.0
"line321 x start, line321 y start",0.0
"line321 x start, line321 y end",0.0005212142276590061
"line321 x end, line321 y start",0.0
"line321 x end, line321 y end",0.00011498905456197596
"line322 x start, line322 y start",0.0
"line322 x start, line322 y end",0.0002592157779838955
"line322 x end, line322 y start",0.0
"line322 x end, line322 y end",0.0002555724490194334
"line323 x start, line323 y start",0.0
"line323 x start, line323 y end",0.0010745524808448007
"line323 x end, line323 y start",0.0
"line323 x end, line323 y end",0.0008045530349900988
"line324 x start, line324 y start",0.0
"line324 x start, line324 y end",0.0017734719401978059
"line324 x end, line324 y start",0.0
"line324 x end, line324 y end",0.0002244144353137308
"line325 x start, line325 y start",0.0
"line325 x start, line325 y end",0.0001609352987432278
"line325 x end, line325 y start",0.0
"line325 x end, line325 y end",0.0007660203586928142
"line326 x start, line326 y start",0.0
"line326 x start, line326 y end",0.00027529794422879056
"line326 x end, line326 y start",0.0
"line326 x end, line326 y end",0.0008513652750472159
"line327 x start, line327 y start",0.0
"line327 x start, line327 y end",0.00038586405424164696
"line327 x end, line327 y start",0.0
"line327 x end, line327 y end",0.00035400355103917667
"line328 x start, line328 y start",0.0
"line328 x start, line328 y end",0.00021236604481598975
"line328 x end, line328 y start",0.0
"line328 x end, line328 y end",0.00029280886823727166
"line329 x start, line329 y start",0.0
"line329 x start, line329 y end",0.00032119776772748576
"line329 x end, line329 y start",0.0
"line329 x end, line329 y end",4.3246288441145276e-05
"line330 x start, line330 y start",0.0
"line330 x start, line330 y end",5.173951828724354e-05
"line330 x end, line330 y start",0.0
"line330 x end, line330 y end",0.0004323561615802773
"line331 x start, line331 y start",0.0
"line331 x start, line331 y end",0.00034156348196090843
"line331 x end, line331 y start",0.0
"line331 x end, line331 y end",0.0
"line332 x start, line332 y start",0.0
"line332 x start, line332 y end",0.0
"line332 x end, line332 y start",0.0
"line332 x end, line332 y end",0.00043378934601733736
"line333 x start, line333 y start",0.0
"line333 x start, line333 y end",0.00023806890796069065
"line333 x end, line333 y start",0.0
"line333 x end, line333 y end",0.001004685309116235
"line334 x start, line334 y start",0.0
"line334 x start, line334 y end",0.0012876974094966148
"line334 x end, line334 y start",0.0
"line334 x end, line334 y end",0.00013684221992859037
"line335 x start, line335 y start",0.0
"line335 x start, line335 y end",9.455754699204596e-05
"line335 x end, line335 y start",0.0
"line335 x end, line335 y end",0.0006183893381710964
"line336 x start, line336 y start",0.0
"line336 x start, line336 y end",0.0005270194764979083
"line336 x end, line336 y start",0.0
"line336 x end, line336 y end",5.6924389038374824e-05
"line337 x start, line337 y start",0.0
"line337 x start, line337 y end",0.00028355308881181134
"line337 x end, line337 y start",0.0
"line337 x end, line337 y end",0.00046175718508679504
"line338 x start, line338 y start",0.0
"line338 x start, line338 y end",1.3895952137169585e-05
"line338 x end, line338 y start",0.0
"line338 x end, line338 y end",0.0
"line339 x start, line339 y start",0.0
"line339 x start, line339 y end",0.0015010232885183197
"line339 x end, line339 y start",0.0
"line339 x end, line339 y end",0.00020435174558056435
"line340 x start, line340 y start",0.0
"line340 x start, line340 y end",0.0
"line340 x end, line340 y start",0.0
"line340 x end, line340 y end",0.000171043489528374
"line341 x start, line341 y start",0.0
"line341 x start, line341 y end",4.321907600596125e-05
"line341 x end, line341 y start",0.0
"line341 x end, line341 y end",0.00019018792318825723
"line342 x start, line342 y start",0.0
"line342 x start, line342 y end",0.00027837900093949814
"line342 x end, line342 y start",0.0
"line342 x end, line342 y end",0.001191748266338251
"line343 x start, line343 y start",0.0
"line343 x start, line343 y end",0.001890819768011671
"line343 x end, line343 y start",0.0
"line343 x end, line343 y end",0.0005723175094375326
"line344 x start, line344 y start",0.0
"line344 x start, line344 y end",5.593056894889102e-05
"line344 x end, line344 y start",0.0
"line344 x end, line344 y end",0.00021706665479103305
"line345 x start, line345 y start",0.0
"line345 x start, line345 y end",9.91932890216577e-05
"line345 x end, line345 y start",0.0
"line345 x end, line345 y end",0.0005064862849317064
"line346 x start, line346 y start",0.0
"line346 x start, line346 y end",0.001497031594658964
"line346 x end, line346 y start",0.0
"line346 x end, line346 y end",0.00023994276950964447
"line347 x start, line347 y start",0.0
"line347 x start, line347 y end",0.0008074271181559242
"line347 x end, line347 y start",0.0
"line347 x end, line347 y end",3.831449262198294e-05
"line348 x start, line348 y start",0.0
"line348 x start, line348 y end",0.0
"line348 x end, line348 y start",0.0
"line348 x end, line348 y end",8.620332072201652e-05
"line349 x start, line349 y start",0.0
"line349 x start, line349 y end",0.0019225385573473181
"line349 x end, line349 y start",0.0
"line349 x end, line349 y end",0.0007071248222977303
"line350 x start, line350 y start",0.0
"line350 x start, line350 y end",0.0005365413930500377
"line350 x end, line350 y start",0.0
"line350 x end, line350 y end",0.00016024763310607988
"line351 x start, line351 y start",0.0
"line351 x start, line351 y end",0.0014715845211755749
"line351 x end, line351 y start",0.0
"line351 x end, line351 y end",0.0008359729643541162
"line352 x start, line352 y start",0.0
"line352 x start, line352 y end",0.00048191300709007163
"line352 x end, line352 y start",0.0
"line352 x end, line352 y end",0.000729873485917141
"line353 x start, line353 y start",0.0
"line353 x start, line353 y end",0.0003012522203280278
"line353 x end, line353 y start",0.0
"line353 x end, line353 y end",0.00043470004120880074
"line354 x start, line354 y start",0.0
"line354 x start, line354 y end",0.00210913977594046
"line354 x end, line354 y start",0.0
"line354 x end, line354 y end",0.0019204097025111394
"line355 x start, line355 y start",0.0
"line355 x start, line355 y end",0.0012438297635445018
"line355 x end, line355 y start",0.0
"line355 x end, line355 y end",0.0003322523888747606
"line356 x start, line356 y start",0.0
"line356 x start, line356 y end",0.0003841034735997951
"line356 x end, line356 y start",0.0
"line356 x end, line356 y end",0.00018103764369586757
"line357 x start, line357 y start",0.0
"line357 x start, line357 y end",0.0010432744139165723
"line357 x end, line357 y start",0.0
"line357 x end, line357 y end",0.0004426546508404143
"line358 x start, line358 y start",0.0
"line358 x start, line358 y end",0.0006872356914287017
"line358 x end, line358 y start",0.0
"line358 x end, line358 y end",0.00014608639303809894
"line359 x start, line359 y start",0.0
"line359 x start, line359 y end",0.0005770713227619266
"line359 x end, line359 y start",0.0
"line359 x end, line359 y end",0.00046116974247534405
"line360 x start, line360 y start",0.0
"line360 x start, line360 y end",0.0004876275969869959
"line360 x end, line360 y start",0.0
"line360 x end, line360 y end",0.00028705411724880845
"line361 x start, line361 y start",0.0
"line361 x start, line361 y end",9.25919766923645e-05
"line361 x end, line361 y start",0.0
"line361 x end, line361 y end",0.0
"line362 x start, line362 y start",0.0
"line362 x start, line362 y end",0.00040987174268810017
"line362 x end, line362 y start",0.0
"line362 x end, line362 y end",0.00039115517822551596
"line363 x start, line363 y start",0.0
"line363 x start, line363 y end",3.298770195321922e-05
"line363 x end, line363 y start",0.0
"line363 x end, line363 y end",0.0003214422942323225
"line364 x start, line364 y start",0.0
"line364 x start, line364 y end",0.0002784100056086053
"line364 x end, line364 y start",0.0
"line364 x end, line364 y end",0.0003066821135813022
"line365 x start, line365 y start",0.0
"line365 x start, line365 y end",0.00021383653159946808
"line365 x end, line365 y start",0.0
"line365 x end, line365 y end",0.0007781128257328297
"line366 x start, line366 y start",0.0
"line366 x start, line366 y end",0.0
"line366 x end, line366 y start",0.0
"line366 x end, line366 y end",0.0004994533100343211
"line367 x start, line367 y start",0.0
"line367 x start, line367 y end",0.00012595026969352955
"line367 x end, line367 y start",0.0
"line367 x end, line367 y end",0.0019608485102468104
"line368 x start, line368 y start",0.0
"line368 x start, line368 y end",0.0002668143451928016
"line368 x end, line368 y start",0.0
"line368 x end, line368 y end",0.00034830566864075207
"line369 x start, line369 y start",0.0
"line369 x start, line369 y end",0.0
"line369 x end, line369 y start",0.0
"line369 x end, line369 y end",0.00018074018188057615
"line370 x start, line370 y start",0.0
"line370 x start, line370 y end",0.0016189923072772942
"line370 x end, line370 y start",0.0
"line370 x end, line370 y end",0.0010788711774109181
"line371 x start, line371 y start",0.0
"line371 x start, line371 y end",0.000239219317639282
"line371 x end, line371 y start",0.0
"line371 x end, line371 y end",0.00012993117680263513
"line372 x start, line372 y start",0.0
"line372 x start, line372 y end",0.0009313306926638038
"line372 x end, line372 y start",0.0
"line372 x end, line372 y end",4.340487099107789e-05
"line373 x start, line373 y start",0.0
"line373 x start, line373 y end",0.0004244456571677184
"line373 x end, line373 y start",0.0
"line373 x end, line373 y end",0.00015281416313180047
"line374 x start, line374 y start",0.0
"line374 x start, line374 y end",0.0007382519138178567
"line374 x end, line374 y start",0.0
"line374 x end, line374 y end",0.0
"line375 x start, line375 y start",0.0
"line375 x start, line375 y end",0.00036177145455531417
"line375 x end, line375 y start",0.0
"line375 x end, line375 y end",0.0002460710922900656
"line376 x start, line376 y start",0.0
"line376 x start, line376 y end",0.00044685829531923945
"line376 x end, line376 y start",0.0
"line376 x end, line376 y end",0.001047018295922032
"line377 x start, line377 y start",0.0
"line377 x start, line377 y end",0.0007658242956727737
"line377 x end, line377 y start",0.0
"line377 x end, line377 y end",0.0016052787807667652
"line378 x start, line378 y start",0.0
"line378 x start, line378 y end",0.0009876702959934645
"line378 x end, line378 y start",0.0
"line378 x end, line378 y end",0.0004638911520710951
"line379 x start, line379 y start",0.0
"line379 x start, line379 y end",0.000100942293826608
"line379 x end, line379 y start",0.0
"line379 x end, line379 y end",6.89660867195693e-05
"line380 x start, line380 y start",0.0
"line380 x start, line380 y end",5.695303359518642e-05
"line380 x end, line380 y start",0.0
"line380 x end, line380 y end",0.00044976916669641246
"line381 x start, line381 y start",0.0
"line381 x start, line381 y end",0.001284562113645999
"line381 x end, line381 y start",0.0
"line381 x end, line381 y end",0.0009470320294392009
"line382 x start, line382 y start",0.0
"line382 x start, line382 y end",0.00040002894974950037
"line382 x end, line382 y start",0.0
"line382 x end, line382 y end",0.00017066482021521354
"line383 x start, line383 y start",0.0
"line383 x start, line383 y end",8.530141616394987e-05
"line383 x end, line383 y start",0.0
"line383 x end, line383 y end",0.00018254305279527587
"line384 x start, line384 y start",0.0
"line384 x start, line384 y end",0.00028450106218320633
"line384 x end, line384 y start",0.0
"line384 x end, line384 y end",0.0002823649198565933
"line385 x start, line385 y start",0.0
"line385 x start, line385 y end",0.00039247103131013637
"line385 x end, line385 y start",0.0
"line385 x end, line385 y end",0.0004997176902015902
"line386 x start, line386 y start",0.0
"line386 x start, line386 y end",0.00025791140301310725
"line386 x end, line386 y start",0.0
"line386 x end, line386 y end",0.0017245794542563742
"line387 x start, line387 y start",0.0
"line387 x start, line387 y end",0.0024944330019286104
"line387 x end, line387 y start",0.0
"line387 x end, line387 y end",0.000994740918583309
"line388 x start, line388 y start",0.0
"line388 x start, line388 y end",0.0008255755679887137
"line388 x end, line388 y start",0.0
"line388 x end, line388 y end",0.0007095242406308051
"line389 x start, line389 y start",0.0
"line389 x start, line389 y end",0.0019426664728210941
"line389 x end, line389 y start",0.0
"line389 x end, line389 y end",0.0007566831080873643
"line390 x start, line390 y start",0.0
"line390 x start, line390 y end",0.0002011909579695901
"line390 x end, line390 y start",0.0
"line390 x end, line390 y end",0.0013909078532656552
"line391 x start, line391 y start",0.0
"line391 x start, line391 y end",0.0004648402599663759
"line391 x end, line391 y start",0.0
"line391 x end, line391 y end",0.00132603989414768
"line392 x start, line392 y start",0.0
"line392 x start, line392 y end",5.532041728763039e-05
"line392 x end, line392 y start",0.0
"line392 x end, line392 y end",0.0007230060759463597
"line393 x start, line393 y start",0.0
"line393 x start, line393 y end",0.0
"line393 x end, line393 y start",0.0
"line393 x end, line393 y end",0.0002454358039850306
"line394 x start, line394 y start",0.0
"line394 x start, line394 y end",0.0
"line394 x end, line394 y start",0.0
"line394 x end, line394 y end",5.694589693506713e-05
"line395 x start, line395 y start",0.0
"line395 x start, line395 y end",0.0010136678624239478
"line395 x end, line395 y start",0.0
"line395 x end, line395 y end",0.0019858279946246673
"line396 x start, line396 y start",0.0
"line396 x start, line396 y end",0.0011035028444639223
"line396 x end, line396 y start",0.0
"line396 x end, line396 y end",0.000727956532650145
"line397 x start, line397 y start",0.0
"line397 x start, line397 y end",0.001208215077784321
"line397 x end, line397 y start",0.0
"line397 x end, line397 y end",0.0011954118302081329
"line398 x start, line398 y start",0.0
"line398 x start, line398 y end",0.0004730538073167399
"line398 x end, line398 y start",0.0
"line398 x end, line398 y end",0.000512097709899501
"line399 x start, line399 y start",0.0
"line399 x start, line399 y end",0.0005802914393612335
"line399 x end, line399 y start",0.0
"line399 x end, line399 y end",0.0006974857022247454
"line400 x start, line400 y start",0.0
"line400 x start, line400 y end",0.00021086312374334664
"line400 x end, line400 y start",0.0
"line400 x end, line400 y end",0.00042401744757170545
